Workbook

Sheet 納品書
D1: 納 品 書
B3: 旭化成住工株式会社 殿
G4: 株式会社 北浦工業
C5: 納 品 日 ： | D5: 46113 | G5: 1215
C6: 材 種 ： | D6: 11：鉄骨
C8: ＜摘要＞
B12: 下記の通り納品いたしました。
B14: № | C14: コード№ | D14: 部材名 | E14: 数量 | F14: 単価 | G14: 金額
B15: =IF(C15="","",ROW(B15)-ROW($B$15)+1) | D15: =IF(OR($D$6="",C15=""),"",IF(COUNTIF(データ!$A:$A,LEFT($D$6,SEARCH("：",$D$6)-1)&C15&"*")=0,"未登録部材",VLOOKUP(LEFT($D$6,SEARCH("：",$D$6)-1)&C15&TEXT($D$5,"-YYYYMM"),データ!$A:$D,3,1))) | E15: 1 | F15: =IF(OR($D$6="",C15=""),"",IF(COUNTIF(データ!$A:$A,LEFT($D$6,SEARCH("：",$D$6)-1)&C15&"*")=0,"未登録",VLOOKUP(LEFT($D$6,SEARCH("：",$D$6)-1)&C15&TEXT($D$5,"-YYYYMM"),データ!$A:$D,4,1))) | G15: =IF(C15="","",ROUNDDOWN(E15*F15,0))
B16: =IF(C16="","",ROW(B16)-ROW($B$15)+1) | D16: =IF(OR($D$6="",C16=""),"",IF(COUNTIF(データ!$A:$A,LEFT($D$6,SEARCH("：",$D$6)-1)&C16&"*")=0,"未登録部材",VLOOKUP(LEFT($D$6,SEARCH("：",$D$6)-1)&C16&TEXT($D$5,"-YYYYMM"),データ!$A:$D,3,1))) | F16: =IF(OR($D$6="",C16=""),"",IF(COUNTIF(データ!$A:$A,LEFT($D$6,SEARCH("：",$D$6)-1)&C16&"*")=0,"未登録",VLOOKUP(LEFT($D$6,SEARCH("：",$D$6)-1)&C16&TEXT($D$5,"-YYYYMM"),データ!$A:$D,4,1))) | G16: =IF(C16="","",ROUNDDOWN(E16*F16,0))
B17: =IF(C17="","",ROW(B17)-ROW($B$15)+1) | D17: =IF(OR($D$6="",C17=""),"",IF(COUNTIF(データ!$A:$A,LEFT($D$6,SEARCH("：",$D$6)-1)&C17&"*")=0,"未登録部材",VLOOKUP(LEFT($D$6,SEARCH("：",$D$6)-1)&C17&TEXT($D$5,"-YYYYMM"),データ!$A:$D,3,1))) | F17: =IF(OR($D$6="",C17=""),"",IF(COUNTIF(データ!$A:$A,LEFT($D$6,SEARCH("：",$D$6)-1)&C17&"*")=0,"未登録",VLOOKUP(LEFT($D$6,SEARCH("：",$D$6)-1)&C17&TEXT($D$5,"-YYYYMM"),データ!$A:$D,4,1))) | G17: =IF(C17="","",ROUNDDOWN(E17*F17,0))
B18: =IF(C18="","",ROW(B18)-ROW($B$15)+1) | D18: =IF(OR($D$6="",C18=""),"",IF(COUNTIF(データ!$A:$A,LEFT($D$6,SEARCH("：",$D$6)-1)&C18&"*")=0,"未登録部材",VLOOKUP(LEFT($D$6,SEARCH("：",$D$6)-1)&C18&TEXT($D$5,"-YYYYMM"),データ!$A:$D,3,1))) | F18: =IF(OR($D$6="",C18=""),"",IF(COUNTIF(データ!$A:$A,LEFT($D$6,SEARCH("：",$D$6)-1)&C18&"*")=0,"未登録",VLOOKUP(LEFT($D$6,SEARCH("：",$D$6)-1)&C18&TEXT($D$5,"-YYYYMM"),データ!$A:$D,4,1))) | G18: =IF(C18="","",ROUNDDOWN(E18*F18,0))
B19: =IF(C19="","",ROW(B19)-ROW($B$15)+1) | D19: =IF(OR($D$6="",C19=""),"",IF(COUNTIF(データ!$A:$A,LEFT($D$6,SEARCH("：",$D$6)-1)&C19&"*")=0,"未登録部材",VLOOKUP(LEFT($D$6,SEARCH("：",$D$6)-1)&C19&TEXT($D$5,"-YYYYMM"),データ!$A:$D,3,1))) | F19: =IF(OR($D$6="",C19=""),"",IF(COUNTIF(データ!$A:$A,LEFT($D$6,SEARCH("：",$D$6)-1)&C19&"*")=0,"未登録",VLOOKUP(LEFT($D$6,SEARCH("：",$D$6)-1)&C19&TEXT($D$5,"-YYYYMM"),データ!$A:$D,4,1))) | G19: =IF(C19="","",ROUNDDOWN(E19*F19,0))
B20: =IF(C20="","",ROW(B20)-ROW($B$15)+1) | D20: =IF(OR($D$6="",C20=""),"",IF(COUNTIF(データ!$A:$A,LEFT($D$6,SEARCH("：",$D$6)-1)&C20&"*")=0,"未登録部材",VLOOKUP(LEFT($D$6,SEARCH("：",$D$6)-1)&C20&TEXT($D$5,"-YYYYMM"),データ!$A:$D,3,1))) | F20: =IF(OR($D$6="",C20=""),"",IF(COUNTIF(データ!$A:$A,LEFT($D$6,SEARCH("：",$D$6)-1)&C20&"*")=0,"未登録",VLOOKUP(LEFT($D$6,SEARCH("：",$D$6)-1)&C20&TEXT($D$5,"-YYYYMM"),データ!$A:$D,4,1))) | G20: =IF(C20="","",ROUNDDOWN(E20*F20,0))
B21: =IF(C21="","",ROW(B21)-ROW($B$15)+1) | D21: =IF(OR($D$6="",C21=""),"",IF(COUNTIF(データ!$A:$A,LEFT($D$6,SEARCH("：",$D$6)-1)&C21&"*")=0,"未登録部材",VLOOKUP(LEFT($D$6,SEARCH("：",$D$6)-1)&C21&TEXT($D$5,"-YYYYMM"),データ!$A:$D,3,1))) | F21: =IF(OR($D$6="",C21=""),"",IF(COUNTIF(データ!$A:$A,LEFT($D$6,SEARCH("：",$D$6)-1)&C21&"*")=0,"未登録",VLOOKUP(LEFT($D$6,SEARCH("：",$D$6)-1)&C21&TEXT($D$5,"-YYYYMM"),データ!$A:$D,4,1))) | G21: =IF(C21="","",ROUNDDOWN(E21*F21,0))
B22: =IF(C22="","",ROW(B22)-ROW($B$15)+1) | D22: =IF(OR($D$6="",C22=""),"",IF(COUNTIF(データ!$A:$A,LEFT($D$6,SEARCH("：",$D$6)-1)&C22&"*")=0,"未登録部材",VLOOKUP(LEFT($D$6,SEARCH("：",$D$6)-1)&C22&TEXT($D$5,"-YYYYMM"),データ!$A:$D,3,1))) | F22: =IF(OR($D$6="",C22=""),"",IF(COUNTIF(データ!$A:$A,LEFT($D$6,SEARCH("：",$D$6)-1)&C22&"*")=0,"未登録",VLOOKUP(LEFT($D$6,SEARCH("：",$D$6)-1)&C22&TEXT($D$5,"-YYYYMM"),データ!$A:$D,4,1))) | G22: =IF(C22="","",ROUNDDOWN(E22*F22,0))
B23: =IF(C23="","",ROW(B23)-ROW($B$15)+1) | D23: =IF(OR($D$6="",C23=""),"",IF(COUNTIF(データ!$A:$A,LEFT($D$6,SEARCH("：",$D$6)-1)&C23&"*")=0,"未登録部材",VLOOKUP(LEFT($D$6,SEARCH("：",$D$6)-1)&C23&TEXT($D$5,"-YYYYMM"),データ!$A:$D,3,1))) | F23: =IF(OR($D$6="",C23=""),"",IF(COUNTIF(データ!$A:$A,LEFT($D$6,SEARCH("：",$D$6)-1)&C23&"*")=0,"未登録",VLOOKUP(LEFT($D$6,SEARCH("：",$D$6)-1)&C23&TEXT($D$5,"-YYYYMM"),データ!$A:$D,4,1))) | G23: =IF(C23="","",ROUNDDOWN(E23*F23,0))
B24: =IF(C24="","",ROW(B24)-ROW($B$15)+1) | D24: =IF(OR($D$6="",C24=""),"",IF(COUNTIF(データ!$A:$A,LEFT($D$6,SEARCH("：",$D$6)-1)&C24&"*")=0,"未登録部材",VLOOKUP(LEFT($D$6,SEARCH("：",$D$6)-1)&C24&TEXT($D$5,"-YYYYMM"),データ!$A:$D,3,1))) | F24: =IF(OR($D$6="",C24=""),"",IF(COUNTIF(データ!$A:$A,LEFT($D$6,SEARCH("：",$D$6)-1)&C24&"*")=0,"未登録",VLOOKUP(LEFT($D$6,SEARCH("：",$D$6)-1)&C24&TEXT($D$5,"-YYYYMM"),データ!$A:$D,4,1))) | G24: =IF(C24="","",ROUNDDOWN(E24*F24,0))
B25: =IF(C25="","",ROW(B25)-ROW($B$15)+1) | D25: =IF(OR($D$6="",C25=""),"",IF(COUNTIF(データ!$A:$A,LEFT($D$6,SEARCH("：",$D$6)-1)&C25&"*")=0,"未登録部材",VLOOKUP(LEFT($D$6,SEARCH("：",$D$6)-1)&C25&TEXT($D$5,"-YYYYMM"),データ!$A:$D,3,1))) | F25: =IF(OR($D$6="",C25=""),"",IF(COUNTIF(データ!$A:$A,LEFT($D$6,SEARCH("：",$D$6)-1)&C25&"*")=0,"未登録",VLOOKUP(LEFT($D$6,SEARCH("：",$D$6)-1)&C25&TEXT($D$5,"-YYYYMM"),データ!$A:$D,4,1))) | G25: =IF(C25="","",ROUNDDOWN(E25*F25,0))
B26: =IF(C26="","",ROW(B26)-ROW($B$15)+1) | D26: =IF(OR($D$6="",C26=""),"",IF(COUNTIF(データ!$A:$A,LEFT($D$6,SEARCH("：",$D$6)-1)&C26&"*")=0,"未登録部材",VLOOKUP(LEFT($D$6,SEARCH("：",$D$6)-1)&C26&TEXT($D$5,"-YYYYMM"),データ!$A:$D,3,1))) | F26: =IF(OR($D$6="",C26=""),"",IF(COUNTIF(データ!$A:$A,LEFT($D$6,SEARCH("：",$D$6)-1)&C26&"*")=0,"未登録",VLOOKUP(LEFT($D$6,SEARCH("：",$D$6)-1)&C26&TEXT($D$5,"-YYYYMM"),データ!$A:$D,4,1))) | G26: =IF(C26="","",ROUNDDOWN(E26*F26,0))
B27: =IF(C27="","",ROW(B27)-ROW($B$15)+1) | D27: =IF(OR($D$6="",C27=""),"",IF(COUNTIF(データ!$A:$A,LEFT($D$6,SEARCH("：",$D$6)-1)&C27&"*")=0,"未登録部材",VLOOKUP(LEFT($D$6,SEARCH("：",$D$6)-1)&C27&TEXT($D$5,"-YYYYMM"),データ!$A:$D,3,1))) | F27: =IF(OR($D$6="",C27=""),"",IF(COUNTIF(データ!$A:$A,LEFT($D$6,SEARCH("：",$D$6)-1)&C27&"*")=0,"未登録",VLOOKUP(LEFT($D$6,SEARCH("：",$D$6)-1)&C27&TEXT($D$5,"-YYYYMM"),データ!$A:$D,4,1))) | G27: =IF(C27="","",ROUNDDOWN(E27*F27,0))
... B34: =IF(C34="","",ROW(B34)-ROW($B$15)+1) | D34: =IF(OR($D$6="",C34=""),"",IF(COUNTIF(データ!$A:$A,LEFT($D$6,SEARCH("：",$D$6)-1)&C34&"*")=0,"未登録部材",VLOOKUP(LEFT($D$6,SEARCH("：",$D$6)-1)&C34&TEXT($D$5,"-YYYYMM"),データ!$A:$D,3,1))) | F34: =IF(OR($D$6="",C34=""),"",IF(COUNTIF(データ!$A:$A,LEFT($D$6,SEARCH("：",$D$6)-1)&C34&"*")=0,"未登録",VLOOKUP(LEFT($D$6,SEARCH("：",$D$6)-1)&C34&TEXT($D$5,"-YYYYMM"),データ!$A:$D,4,1))) | G34: =IF(C34="","",ROUNDDOWN(E34*F34,0))
F35: ＜合計＞ | G35: =SUM(G15:G34) -> 0

Sheet 簡易納品書
A1: 月 | B1: 日 | C1: コード№ | D1: 部材名 | E1: 数量 | F1: 単価 | G1: 金額
A2: =IF(C2="","",MONTH(納品書!$D$5)) | B2: =IF(C2="","",DAY(納品書!$D$5)) | C2: =IF(納品書!C15="","",納品書!C15) | D2: =IF(納品書!D15="","",納品書!D15) | E2: =IF(納品書!E15="","",納品書!E15) -> 1 | F2: =IF(納品書!F15="","",納品書!F15) | G2: =IF(納品書!G15="","",納品書!G15)
A3: =IF(C3="","",MONTH(納品書!$D$5)) | B3: =IF(C3="","",DAY(納品書!$D$5)) | C3: =IF(納品書!C16="","",納品書!C16) | D3: =IF(納品書!D16="","",納品書!D16) | E3: =IF(納品書!E16="","",納品書!E16) | F3: =IF(納品書!F16="","",納品書!F16) | G3: =IF(納品書!G16="","",納品書!G16)
A4: =IF(C4="","",MONTH(納品書!$D$5)) | B4: =IF(C4="","",DAY(納品書!$D$5)) | C4: =IF(納品書!C17="","",納品書!C17) | D4: =IF(納品書!D17="","",納品書!D17) | E4: =IF(納品書!E17="","",納品書!E17) | F4: =IF(納品書!F17="","",納品書!F17) | G4: =IF(納品書!G17="","",納品書!G17)
A5: =IF(C5="","",MONTH(納品書!$D$5)) | B5: =IF(C5="","",DAY(納品書!$D$5)) | C5: =IF(納品書!C18="","",納品書!C18) | D5: =IF(納品書!D18="","",納品書!D18) | E5: =IF(納品書!E18="","",納品書!E18) | F5: =IF(納品書!F18="","",納品書!F18) | G5: =IF(納品書!G18="","",納品書!G18)
A6: =IF(C6="","",MONTH(納品書!$D$5)) | B6: =IF(C6="","",DAY(納品書!$D$5)) | C6: =IF(納品書!C19="","",納品書!C19) | D6: =IF(納品書!D19="","",納品書!D19) | E6: =IF(納品書!E19="","",納品書!E19) | F6: =IF(納品書!F19="","",納品書!F19) | G6: =IF(納品書!G19="","",納品書!G19)
A7: =IF(C7="","",MONTH(納品書!$D$5)) | B7: =IF(C7="","",DAY(納品書!$D$5)) | C7: =IF(納品書!C20="","",納品書!C20) | D7: =IF(納品書!D20="","",納品書!D20) | E7: =IF(納品書!E20="","",納品書!E20) | F7: =IF(納品書!F20="","",納品書!F20) | G7: =IF(納品書!G20="","",納品書!G20)
A8: =IF(C8="","",MONTH(納品書!$D$5)) | B8: =IF(C8="","",DAY(納品書!$D$5)) | C8: =IF(納品書!C21="","",納品書!C21) | D8: =IF(納品書!D21="","",納品書!D21) | E8: =IF(納品書!E21="","",納品書!E21) | F8: =IF(納品書!F21="","",納品書!F21) | G8: =IF(納品書!G21="","",納品書!G21)
A9: =IF(C9="","",MONTH(納品書!$D$5)) | B9: =IF(C9="","",DAY(納品書!$D$5)) | C9: =IF(納品書!C22="","",納品書!C22) | D9: =IF(納品書!D22="","",納品書!D22) | E9: =IF(納品書!E22="","",納品書!E22) | F9: =IF(納品書!F22="","",納品書!F22) | G9: =IF(納品書!G22="","",納品書!G22)
A10: =IF(C10="","",MONTH(納品書!$D$5)) | B10: =IF(C10="","",DAY(納品書!$D$5)) | C10: =IF(納品書!C23="","",納品書!C23) | D10: =IF(納品書!D23="","",納品書!D23) | E10: =IF(納品書!E23="","",納品書!E23) | F10: =IF(納品書!F23="","",納品書!F23) | G10: =IF(納品書!G23="","",納品書!G23)
A11: =IF(C11="","",MONTH(納品書!$D$5)) | B11: =IF(C11="","",DAY(納品書!$D$5)) | C11: =IF(納品書!C24="","",納品書!C24) | D11: =IF(納品書!D24="","",納品書!D24) | E11: =IF(納品書!E24="","",納品書!E24) | F11: =IF(納品書!F24="","",納品書!F24) | G11: =IF(納品書!G24="","",納品書!G24)
A12: =IF(C12="","",MONTH(納品書!$D$5)) | B12: =IF(C12="","",DAY(納品書!$D$5)) | C12: =IF(納品書!C25="","",納品書!C25) | D12: =IF(納品書!D25="","",納品書!D25) | E12: =IF(納品書!E25="","",納品書!E25) | F12: =IF(納品書!F25="","",納品書!F25) | G12: =IF(納品書!G25="","",納品書!G25)
A13: =IF(C13="","",MONTH(納品書!$D$5)) | B13: =IF(C13="","",DAY(納品書!$D$5)) | C13: =IF(納品書!C26="","",納品書!C26) | D13: =IF(納品書!D26="","",納品書!D26) | E13: =IF(納品書!E26="","",納品書!E26) | F13: =IF(納品書!F26="","",納品書!F26) | G13: =IF(納品書!G26="","",納品書!G26)
... A21: =IF(C21="","",MONTH(納品書!$D$5)) | B21: =IF(C21="","",DAY(納品書!$D$5)) | C21: =IF(納品書!C34="","",納品書!C34) | D21: =IF(納品書!D34="","",納品書!D34) | E21: =IF(納品書!E34="","",納品書!E34) | F21: =IF(納品書!F34="","",納品書!F34) | G21: =IF(納品書!G34="","",納品書!G34)
F22: 合計 | G22: =納品書!G35 -> 0

Sheet データ
A1: KEY | B1: コード№ | C1: 部材名 | D1: 購入単価 | E1: 単価適用開始日
A2: 110604X-190101 | B2: 0604X | C2: SP.ｲK-CKS-1MT | D2: 2739 | E2: 190101
A3: 1129961-200810 | B3: 29961 | C3: D-CKK-SUA | D3: 101 | E3: 200810
A4: 116206X-190101 | B4: 6206X | C4: SP.WWFﾎﾞﾙﾄ | D4: 2000 | E4: 190101
A5: 1183073-202504 | B5: 83073 | C5: WWF | D5: 616.5 | E5: 202504
A6: 1184023-200909 | B6: 84023 | C6: D-CKK-SS | D6: 214.5 | E6: 200909
A7: 1184024-200904 | B7: 84024 | C7: D-CKK-KU | D7: 368.6 | E7: 200904
A8: 1184072-200909 | B8: 84072 | C8: D-CKK-1NN | D8: 296.7 | E8: 200909
A9: 1184073-200910 | B9: 84073 | C9: D-CKK-1TN | D9: 305.7 | E9: 200910
A10: 1184074-200910 | B10: 84074 | C10: D-CKK-1PN | D10: 352.3 | E10: 200910
A11: 1184075-200909 | B11: 84075 | C11: D-CKK-1HT | D11: 258.5 | E11: 200909
A12: 1184076-200910 | B12: 84076 | C12: D-CKK-1TT | D12: 315.4 | E12: 200910
A13: 1184077-200910 | B13: 84077 | C13: D-CKK-1PT | D13: 391.7 | E13: 200910
... A419: PPP0066-201502 | B419: P0066 | C419: .SZS-K | D419: 0 | E419: 201502
